INSERT INTO PEDIDOS ( ID_PEDIDO, EMPLEADO, ELEMENTO, CANTIDAD, APROBADO, FECHA,
LLEGO ) VALUES ( 
1, 40987267, 3, 5, 'S',  TO_Date( '05/05/2009 07:54:35 PM', 'MM/DD/YYYY HH:MI:SS AM')
, 'N'); 
INSERT INTO PEDIDOS ( ID_PEDIDO, EMPLEADO, ELEMENTO, CANTIDAD, APROBADO, FECHA,
LLEGO ) VALUES ( 
2, 46762330, 3, 5, 'S',  TO_Date( '05/05/2009 07:54:35 PM', 'MM/DD/YYYY HH:MI:SS AM')
, 'N'); 
INSERT INTO PEDIDOS ( ID_PEDIDO, EMPLEADO, ELEMENTO, CANTIDAD, APROBADO, FECHA,
LLEGO ) VALUES ( 
3, 86072892, 3, 2, 'S',  TO_Date( '05/05/2009 07:54:35 PM', 'MM/DD/YYYY HH:MI:SS AM')
, 'N'); 
INSERT INTO PEDIDOS ( ID_PEDIDO, EMPLEADO, ELEMENTO, CANTIDAD, APROBADO, FECHA,
LLEGO ) VALUES ( 
4, 86072892, 4, 2, 'N',  TO_Date( '05/06/2009 07:54:35 PM', 'MM/DD/YYYY HH:MI:SS AM')
, 'N'); 
INSERT INTO PEDIDOS ( ID_PEDIDO, EMPLEADO, ELEMENTO, CANTIDAD, APROBADO, FECHA,
LLEGO ) VALUES ( 
4, 86072892, 10, 2, 'S',  TO_Date( '05/06/2009 07:54:35 PM', 'MM/DD/YYYY HH:MI:SS AM')
, 'N'); 
INSERT INTO PEDIDOS ( ID_PEDIDO, EMPLEADO, ELEMENTO, CANTIDAD, APROBADO, FECHA,
LLEGO ) VALUES ( 
5, 827091220, 10, 2, 'S',  TO_Date( '05/06/2009 07:54:35 PM', 'MM/DD/YYYY HH:MI:SS AM')
, 'N'); 
INSERT INTO PEDIDOS ( ID_PEDIDO, EMPLEADO, ELEMENTO, CANTIDAD, APROBADO, FECHA,
LLEGO ) VALUES ( 
5, 827091220, 22, 2, 'S',  TO_Date( '05/06/2009 07:54:35 PM', 'MM/DD/YYYY HH:MI:SS AM')
, 'N'); 
INSERT INTO PEDIDOS ( ID_PEDIDO, EMPLEADO, ELEMENTO, CANTIDAD, APROBADO, FECHA,
LLEGO ) VALUES ( 
6, 827091220, 25, 2, 'S',  TO_Date( '05/07/2009 07:54:35 PM', 'MM/DD/YYYY HH:MI:SS AM')
, 'N'); 
INSERT INTO PEDIDOS ( ID_PEDIDO, EMPLEADO, ELEMENTO, CANTIDAD, APROBADO, FECHA,
LLEGO ) VALUES ( 
6, 827091220, 30, 2, 'N',  TO_Date( '05/07/2009 07:54:35 PM', 'MM/DD/YYYY HH:MI:SS AM')
, 'N'); 
INSERT INTO PEDIDOS ( ID_PEDIDO, EMPLEADO, ELEMENTO, CANTIDAD, APROBADO, FECHA,
LLEGO ) VALUES ( 
6, 827091220, 50, 2, 'S',  TO_Date( '05/07/2009 07:54:35 PM', 'MM/DD/YYYY HH:MI:SS AM')
, 'N'); 
INSERT INTO PEDIDOS ( ID_PEDIDO, EMPLEADO, ELEMENTO, CANTIDAD, APROBADO, FECHA,
LLEGO ) VALUES ( 
7, 827091220, 11, 2, 'N',  TO_Date( '05/08/2009 07:54:35 PM', 'MM/DD/YYYY HH:MI:SS AM')
, 'N'); 
INSERT INTO PEDIDOS ( ID_PEDIDO, EMPLEADO, ELEMENTO, CANTIDAD, APROBADO, FECHA,
LLEGO ) VALUES ( 
8, 82709090, 22, 2, 'N',  TO_Date( '05/10/2009 07:56:05 PM', 'MM/DD/YYYY HH:MI:SS AM')
, 'N'); 
INSERT INTO PEDIDOS ( ID_PEDIDO, EMPLEADO, ELEMENTO, CANTIDAD, APROBADO, FECHA,
LLEGO ) VALUES ( 
8, 82709090, 2, 5, 'N',  TO_Date( '05/10/2009 07:56:59 PM', 'MM/DD/YYYY HH:MI:SS AM')
, 'N'); 
INSERT INTO PEDIDOS ( ID_PEDIDO, EMPLEADO, ELEMENTO, CANTIDAD, APROBADO, FECHA,
LLEGO ) VALUES ( 
8, 82709090, 69, 3, 'S',  TO_Date( '05/10/2009 07:57:33 PM', 'MM/DD/YYYY HH:MI:SS AM')
, 'N'); 
INSERT INTO PEDIDOS ( ID_PEDIDO, EMPLEADO, ELEMENTO, CANTIDAD, APROBADO, FECHA,
LLEGO ) VALUES ( 
9, 82709090, 69, 4, 'S',  TO_Date( '05/10/2009 07:59:33 PM', 'MM/DD/YYYY HH:MI:SS AM')
, 'N'); 
INSERT INTO PEDIDOS ( ID_PEDIDO, EMPLEADO, ELEMENTO, CANTIDAD, APROBADO, FECHA,
LLEGO ) VALUES ( 
10, 40987267, 2, 2, 'S',  TO_Date( '05/10/2009 07:59:51 PM', 'MM/DD/YYYY HH:MI:SS AM')
, 'N'); 
INSERT INTO PEDIDOS ( ID_PEDIDO, EMPLEADO, ELEMENTO, CANTIDAD, APROBADO, FECHA,
LLEGO ) VALUES ( 
10, 40987267, 100, 2, 'S',  TO_Date( '05/10/2009 08:00:15 PM', 'MM/DD/YYYY HH:MI:SS AM')
, 'N'); 
INSERT INTO PEDIDOS ( ID_PEDIDO, EMPLEADO, ELEMENTO, CANTIDAD, APROBADO, FECHA,
LLEGO ) VALUES ( 
11, 40987267, 94, 10, 'S',  TO_Date( '05/10/2009 08:20:35 PM', 'MM/DD/YYYY HH:MI:SS AM')
, 'N'); 
INSERT INTO PEDIDOS ( ID_PEDIDO, EMPLEADO, ELEMENTO, CANTIDAD, APROBADO, FECHA,
LLEGO ) VALUES ( 
12, 40987267, 94, 2, 'S',  TO_Date( '05/10/2009 08:20:35 PM', 'MM/DD/YYYY HH:MI:SS AM')
, 'N'); 





INSERT INTO ENTRADA_ALMACEN ( ID_ENTRADA, FECHA, RESPONSABLE, CONCEPTO, SUBTOTAL, IVA,
TOTAL ) VALUES ( 
1,  TO_Date( '05/10/2009 08:30:23 PM', 'MM/DD/YYYY HH:MI:SS AM'), 86072892, 'COMPRA DE ELEMENTOS DE PROTECCION PERSONAL'
, 0, 0, 0); 
INSERT INTO ENTRADA_ALMACEN ( ID_ENTRADA, FECHA, RESPONSABLE, CONCEPTO, SUBTOTAL, IVA,
TOTAL ) VALUES ( 
2,  TO_Date( '05/10/2009 08:31:22 PM', 'MM/DD/YYYY HH:MI:SS AM'), 86072892, 'COMPRA DE ELEMENTOS DE PROTECCION PERSONAL'
, 0, 0, 0); 
INSERT INTO ENTRADA_ALMACEN ( ID_ENTRADA, FECHA, RESPONSABLE, CONCEPTO, SUBTOTAL, IVA,
TOTAL ) VALUES ( 
3,  TO_Date( '05/11/2009 08:31:43 PM', 'MM/DD/YYYY HH:MI:SS AM'), 86072892, 'COMPRA DE ELEMENTOS DE PROTECCION PERSONAL'
, 0, 0, 0); 
INSERT INTO ENTRADA_ALMACEN ( ID_ENTRADA, FECHA, RESPONSABLE, CONCEPTO, SUBTOTAL, IVA,
TOTAL ) VALUES ( 
4,  TO_Date( '05/11/2009 08:31:58 PM', 'MM/DD/YYYY HH:MI:SS AM'), 86072892, 'COMPRA DE ELEMENTOS DE PROTECCION PERSONAL'
, 0, 0, 0); 
INSERT INTO ENTRADA_ALMACEN ( ID_ENTRADA, FECHA, RESPONSABLE, CONCEPTO, SUBTOTAL, IVA,
TOTAL ) VALUES ( 
5,  TO_Date( '05/12/2009 08:32:10 PM', 'MM/DD/YYYY HH:MI:SS AM'), 86072892, 'COMPRA DE ELEMENTOS DE PROTECCION PERSONAL'
, 0, 0, 0); 
INSERT INTO DETALLE_ENTRADA ( ID_ENTRADA, NUM_DETALLE, ELEMENTO, CANTIDAD, V_UNITARIO, SUBTOTAL,
IVA, ENTREGADOS, ID_PEDIDO ) VALUES ( 
1, 1, 1, 5, 10000, 50000, 0, 0, 1); 
INSERT INTO DETALLE_ENTRADA ( ID_ENTRADA, NUM_DETALLE, ELEMENTO, CANTIDAD, V_UNITARIO, SUBTOTAL,
IVA, ENTREGADOS, ID_PEDIDO ) VALUES ( 
1, 2, 2, 2, 20000, 40000, 0, 0, 2); 
INSERT INTO DETALLE_ENTRADA ( ID_ENTRADA, NUM_DETALLE, ELEMENTO, CANTIDAD, V_UNITARIO, SUBTOTAL,
IVA, ENTREGADOS, ID_PEDIDO ) VALUES ( 
2, 1, 3, 2, 10000, 20000, 0, 0, 3); 
INSERT INTO DETALLE_ENTRADA ( ID_ENTRADA, NUM_DETALLE, ELEMENTO, CANTIDAD, V_UNITARIO, SUBTOTAL,
IVA, ENTREGADOS, ID_PEDIDO ) VALUES ( 
2, 2, 10, 2, 25000, 50000, 0, 0, 4); 
INSERT INTO DETALLE_ENTRADA ( ID_ENTRADA, NUM_DETALLE, ELEMENTO, CANTIDAD, V_UNITARIO, SUBTOTAL,
IVA, ENTREGADOS, ID_PEDIDO ) VALUES ( 
2, 3, 6, 2, 10000, 20000, 0, 0, 5); 
INSERT INTO DETALLE_ENTRADA ( ID_ENTRADA, NUM_DETALLE, ELEMENTO, CANTIDAD, V_UNITARIO, SUBTOTAL,
IVA, ENTREGADOS, ID_PEDIDO ) VALUES ( 
2, 4, 20, 2, 10000, 20000, 0, 0, 5); 
INSERT INTO DETALLE_ENTRADA ( ID_ENTRADA, NUM_DETALLE, ELEMENTO, CANTIDAD, V_UNITARIO, SUBTOTAL,
IVA, ENTREGADOS, ID_PEDIDO ) VALUES ( 
3, 1, 25, 2, 5000, 1000, 0, 0, 6); 
INSERT INTO DETALLE_ENTRADA ( ID_ENTRADA, NUM_DETALLE, ELEMENTO, CANTIDAD, V_UNITARIO, SUBTOTAL,
IVA, ENTREGADOS, ID_PEDIDO ) VALUES ( 
3, 2, 50, 2, 30000, 60000, 0, 0, 6); 
INSERT INTO DETALLE_ENTRADA ( ID_ENTRADA, NUM_DETALLE, ELEMENTO, CANTIDAD, V_UNITARIO, SUBTOTAL,
IVA, ENTREGADOS, ID_PEDIDO ) VALUES ( 
4, 1, 69, 3, 1000, 3000, 0, 0, 8); 
INSERT INTO DETALLE_ENTRADA ( ID_ENTRADA, NUM_DETALLE, ELEMENTO, CANTIDAD, V_UNITARIO, SUBTOTAL,
IVA, ENTREGADOS, ID_PEDIDO ) VALUES ( 
4, 2, 1, 4, 9000, 36000, 0, 0, 9); 
INSERT INTO DETALLE_ENTRADA ( ID_ENTRADA, NUM_DETALLE, ELEMENTO, CANTIDAD, V_UNITARIO, SUBTOTAL,
IVA, ENTREGADOS, ID_PEDIDO ) VALUES ( 
4, 3, 78, 2, 12000, 24000, 0, 0, 10); 
INSERT INTO DETALLE_ENTRADA ( ID_ENTRADA, NUM_DETALLE, ELEMENTO, CANTIDAD, V_UNITARIO, SUBTOTAL,
IVA, ENTREGADOS, ID_PEDIDO ) VALUES ( 
4, 4, 100, 2, 150000, 300000, 0, 0, 10); 
INSERT INTO DETALLE_ENTRADA ( ID_ENTRADA, NUM_DETALLE, ELEMENTO, CANTIDAD, V_UNITARIO, SUBTOTAL,
IVA, ENTREGADOS, ID_PEDIDO ) VALUES ( 
5, 1, 94, 10, 25000, 250000, 0, 0, 11); 
INSERT INTO DETALLE_ENTRADA ( ID_ENTRADA, NUM_DETALLE, ELEMENTO, CANTIDAD, V_UNITARIO, SUBTOTAL,
IVA, ENTREGADOS, ID_PEDIDO ) VALUES ( 
5, 2, 2, 2, 18500, 37000, 0, 0, 12); 
